Date,Equity,Cash,RunningMax,DrawdownPct,CD_5Pct,S&P500_SPY,EqualWeight_RSP,Balanced_60_40
2025-01-02,100000.0,100000.0,100000.0,0.0,100000.0,100000.0,100000.0,100000.0
2025-01-03,100000.0,100000.0,100000.0,0.0,100019.3630506544,101250.34164194005,100915.7544026654,100708.92705729837
2025-01-06,100000.0,100000.0,100000.0,0.0,100038.72985058611,101833.60194898245,100847.06714583271,101015.40159896738
2025-01-07,100000.0,100000.0,100000.0,0.0,100058.10040052107,100682.4695769027,100509.3860939963,100188.2185516485
2025-01-08,100000.0,100000.0,100000.0,0.0,100077.47470118546,100829.5661371817,100629.58224349264,100321.78677930715
2025-01-10,100000.0,100000.0,100000.0,0.0,100096.85275330552,99290.15730875725,99158.65315336954,99178.1915870445
2025-01-13,100000.0,100000.0,100000.0,0.0,100116.23455760759,99444.1023675134,99971.38103742652,99233.23774271719
2025-01-14,100000.0,100000.0,100000.0,0.0,100135.62011481824,99580.93661986094,100778.38862228126,99327.58726657277
2025-01-15,100000.0,100000.0,100000.0,0.0,100155.00942566418,101392.31226814544,101745.65191761024,100755.58619998617
2025-01-16,100000.0,100000.0,100000.0,0.0,100174.40249087218,101197.31797766345,102546.93046998155,100726.8378628204
2025-01-17,100000.0,100000.0,100000.0,0.0,100193.79931116923,102213.32822201494,103044.8672322922,101333.60986742438
2025-01-21,100000.0,100000.0,100000.0,0.0,100213.1998872824,103148.9416877498,104241.07349492818,102023.97525350533
2025-01-22,100000.0,100000.0,100000.0,0.0,100232.60421993898,103728.78818533788,103874.77348051826,102271.56439845693
2025-01-23,100000.0,100000.0,100000.0,0.0,100252.01230986632,104294.94812575595,104366.98994362667,102539.01544441319
2025-01-24,100000.0,100000.0,100000.0,0.0,100271.42415779192,103990.48225748222,104275.4127567039,102427.17249868369
2025-01-27,100000.0,100000.0,100000.0,0.0,100290.83976444349,102519.4957751237,104344.09128025536,101785.91091022718
2025-01-28,100000.0,100000.0,100000.0,0.0,100310.25913054879,103400.38389174693,103828.98488705685,102298.13807909623
2025-01-29,100000.0,100000.0,100000.0,0.0,100329.68225683579,102936.84703064345,103485.57480273701,101997.80584575802
2025-01-30,100000.0,100000.0,100000.0,0.0,100349.10914403258,103489.32041389149,104590.2038784502,102384.87305755082
2025-01-31,100000.0,100000.0,100000.0,0.0,100368.53979286738,102938.55915526276,103731.68740093184,101974.02221879349
2025-02-03,100000.0,100000.0,100000.0,0.0,100387.97420406855,102245.8272704286,103165.06338178848,101601.12359280544
2025-02-04,100000.0,100000.0,100000.0,0.0,100407.4123783646,102931.72109656988,103290.97983048699,102085.3484323077
2025-02-05,100000.0,100000.0,100000.0,0.0,100426.8543164842,103349.06191230539,103794.64562528107,102551.81336827324
2025-02-06,100000.0,100000.0,100000.0,0.0,100446.30001915612,103708.263569475,103657.2798448969,102723.75576513437
2025-02-07,100000.0,100000.0,100000.0,0.0,100465.7494871093,102758.96354657013,103147.89375090059,102029.301062152
2025-02-10,100000.0,100000.0,100000.0,0.0,100485.2027210728,103456.82136547787,103439.78620927558,102457.60467356954
2025-02-11,100000.0,100000.0,100000.0,0.0,100504.65972177587,103535.50601947523,103451.23554096124,102411.87493337649
2025-02-12,99985.92774937439,95072.74765751648,100000.0,-0.014072250625618565,100524.1204899478,103201.96535202641,102850.27226004213,101999.14088893803
2025-02-13,100045.26763127136,95072.74765751648,100045.26763127136,0.0,100543.58502631818,104291.52387651741,103743.12799933623,102889.81604484293
2025-02-14,100070.20771000671,95072.74765751648,100070.20771000671,0.0,100563.05333161657,104286.39794244381,103640.11021400901,103038.99220900914
2025-02-18,100106.32757878113,95143.26765751648,100106.32757878113,0.0,100582.52540657278,104592.56549555255,104435.66846717808,103055.970786958
2025-02-19,100088.26765751648,95143.26765751648,100106.32757878113,-0.018040738983693405,100602.00125191672,104838.87132569183,104647.43307031594,103260.88959851542
2025-02-20,100157.06759190369,95143.26765751648,100157.06759190369,0.0,100621.48086837848,104402.70757892843,104384.15957451447,103066.708715829
2025-02-21,100145.45773625183,95143.26765751648,100157.06759190369,-0.011591648928022114,100640.96425668822,102616.9929203647,102918.95951687482,102186.39969572019
2025-02-24,100138.14781498718,95143.26765751648,100157.06759190369,-0.018890106680835572,100660.45141757632,102150.04224980691,103004.80767131416,101978.29772372915
2025-02-25,100221.9976837616,95143.26765751648,100221.9976837616,0.0,100679.94235177325,101642.03190773902,103107.82545664137,101927.41807229952
2025-02-26,100219.45831874848,100219.45831874848,100221.9976837616,-0.002533740168630949,100699.43706000963,101693.34344739631,102890.34055430128,102024.31565698114
2025-02-27,100219.45831874848,100219.45831874848,100221.9976837616,-0.002533740168630949,100718.93554301625,100070.12403090092,101991.75578252375,100985.3556975427
2025-02-28,100219.45831874848,100219.45831874848,100221.9976837616,-0.002533740168630949,100738.43780152402,101631.76959980758,103124.99508752921,102110.78837228642
2025-03-03,100219.45831874848,100219.45831874848,100221.9976837616,-0.002533740168630949,100757.94383626398,99851.1913151017,102026.09504429947,101125.5883759568
2025-03-04,100219.45831874848,100219.45831874848,100221.9976837616,-0.002533740168630949,100777.45364796733,98669.26157944331,100377.74934609547,100305.39734384789
2025-03-05,100219.45831874848,100219.45831874848,100221.9976837616,-0.002533740168630949,100796.9672373654,99729.74530475923,101310.66464636751,100814.31829915057
2025-03-06,100219.45831874848,100219.45831874848,100221.9976837616,-0.002533740168630949,100816.48460518966,97959.42932798484,100188.87467304769,99699.66714644012
2025-03-07,100219.45831874848,100219.45831874848,100221.9976837616,-0.002533740168630949,100836.00575217175,98508.4784619943,101127.51900580317,99986.34838010972
2025-03-10,100219.45831874848,100219.45831874848,100221.9976837616,-0.002533740168630949,100855.5306790434,95884.6474829367,99702.37850914146,98579.55987996678
2025-03-11,100219.45831874848,100219.45831874848,100221.9976837616,-0.002533740168630949,100875.05938653655,95087.56995438444,98374.54423188599,97948.21311759079
2025-03-12,100219.45831874848,100219.45831874848,100221.9976837616,-0.002533740168630949,100894.59187538324,95592.15604721374,97910.94673135107,98144.68716001172
2025-03-13,100219.45831874848,100219.45831874848,100221.9976837616,-0.002533740168630949,100914.12814631559,94317.8655401722,96972.29366531436,97479.65501682338
2025-03-14,100219.45831874848,100219.45831874848,100221.9976837616,-0.002533740168630949,100933.66820006602,96266.07544080426,98820.97210153303,98608.57732857204
2025-03-17,100219.45831874848,100219.45831874848,100221.9976837616,-0.002533740168630949,100953.21203736693,97008.41718046067,100154.53541127195,99116.99649921314
2025-03-18,100219.45831874848,100219.45831874848,100221.9976837616,-0.002533740168630949,100972.75965895096,95959.9078876955,99633.69998558999,98514.50340797895
2025-03-19,100219.45831874848,100219.45831874848,100221.9976837616,-0.002533740168630949,100992.31106555086,97004.9929312221,100372.02031361203,99274.25313203683
2025-03-20,100219.45831874848,100219.45831874848,100221.9976837616,-0.002533740168630949,101011.86625789956,96724.47592804985,99954.21140653851,99126.1198319078
2025-03-21,100219.45831874848,100219.45831874848,100221.9976837616,-0.002533740168630949,101031.42523673,96757.06540693759,99496.3342052058,99098.02872046432
2025-03-24,100219.45831874848,100219.45831874848,100221.9976837616,-0.002533740168630949,101050.98800277546,98489.83950850659,101025.78458315783,100010.2970203418
2025-03-25,100219.45831874848,100219.45831874848,100221.9976837616,-0.002533740168630949,101070.55455676922,98726.59476105508,100784.2759944415,100191.14567021803
2025-03-26,100219.45831874848,100219.45831874848,100221.9976837616,-0.002533740168630949,101090.12489944471,97547.97035962409,100594.51736598855,99375.78356048772
2025-03-27,100219.45831874848,100219.45831874848,100221.9976837616,-0.002533740168630949,101109.6990315356,97288.91131725123,100335.75879051776,99197.20009718006
2025-03-28,100219.45831874848,100219.45831874848,100221.9976837616,-0.002533740168630949,101129.27695377558,95329.67521449398,98788.945634406,98229.00959969973
2025-03-31,100219.45831874848,100219.45831874848,100221.9976837616,-0.002533740168630949,101148.85866689855,95969.60549972163,99611.22425021483,98700.25766690608
2025-04-01,100219.45831874848,100219.45831874848,100221.9976837616,-0.002533740168630949,101168.44417163858,96240.66460929574,99714.73294489554,99013.14425927543
2025-04-02,100219.45831874848,100219.45831874848,100221.9976837616,-0.002533740168630949,101188.0334687298,96849.71514044263,100548.51447659201,99345.0779393695
2025-04-03,100219.45831874848,100219.45831874848,100221.9976837616,-0.002533740168630949,101207.62655890654,92076.88212950197,95758.57219833345,96616.63748645516
2025-04-04,100219.45831874848,100219.45831874848,100221.9976837616,-0.002533740168630949,101227.22344290325,86686.42785878944,90382.10404796155,93257.90354345716
2025-04-07,100219.45831874848,100219.45831874848,100221.9976837616,-0.002533740168630949,101246.82412145454,86532.02385275431,89628.82537917054,92685.66563019883
2025-04-08,100219.45831874848,100219.45831874848,100221.9976837616,-0.002533740168630949,101266.42859529516,85176.69165546384,87938.25648400233,91622.09393116529
2025-04-09,100219.45831874848,100219.45831874848,100221.9976837616,-0.002533740168630949,101286.03686515996,94121.88834608605,94970.7935560335,97477.88136720864
2025-04-10,100219.45831874848,100219.45831874848,100221.9976837616,-0.002533740168630949,101305.64893178397,89997.56158462945,91773.66732328325,94608.40920659495
2025-04-11,100219.45831874848,100219.45831874848,100221.9976837616,-0.002533740168630949,101325.2647959024,91603.37162440496,93165.22182445097,95582.300581812
2025-04-14,100219.45831874848,100219.45831874848,100221.9976837616,-0.002533740168630949,101344.88445825054,92492.05722938238,94355.51478127809,96363.24771992584
2025-04-15,100219.45831874848,100219.45831874848,100221.9976837616,-0.002533740168630949,101364.50791956384,92232.99818700952,94050.75331641079,96280.28362426533
2025-04-16,100219.45831874848,100219.45831874848,100221.9976837616,-0.002533740168630949,101384.13518057787,90182.8401091139,92843.21037282921,95118.27358866113
2025-04-17,100219.45831874848,100219.45831874848,100221.9976837616,-0.002533740168630949,101403.76624202843,90311.51098674838,93533.23616546925,95102.76041834679
2025-04-21,100219.45831874848,100219.45831874848,100221.9976837616,-0.002533740168630949,101423.40110465133,88161.85496945799,91652.90864184809,93515.21134188639
2025-04-22,100219.45831874848,100219.45831874848,100221.9976837616,-0.002533740168630949,101443.03976918264,90455.62697705468,93912.75342237516,95044.25755846301
2025-04-23,100219.45831874848,100219.45831874848,100221.9976837616,-0.002533740168630949,101462.68223635851,91857.27880546627,94821.28197195625,96021.53004314087
2025-04-24,100219.45831874848,100219.45831874848,100221.9976837616,-0.002533740168630949,101482.32850691523,93790.77654419148,96425.60093335218,97446.51003643288
2025-04-25,100219.45831874848,100219.45831874848,100221.9976837616,-0.002533740168630949,101501.9785815893,94468.44526065243,96287.59226516257,98011.79673015482
2025-04-28,100219.45831874848,100219.45831874848,100221.9976837616,-0.002533740168630949,101521.63246111727,94504.46640478188,96557.85375652096,98141.57749292432
2025-04-29,100219.45831874848,100219.45831874848,100221.9976837616,-0.002533740168630949,101541.29014623587,95099.78911036086,97121.37379685903,98607.80998745882
2025-04-30,100219.45831874848,100219.45831874848,100221.9976837616,-0.002533740168630949,101560.95163768202,95137.52754159416,97259.38246504863,98595.46913177102
2025-05-01,100219.45831874848,100219.45831874848,100221.9976837616,-0.002533740168630949,101580.61693619272,95811.7616838474,97127.12964187984,98908.34246607265
2025-05-02,100219.45831874848,100219.45831874848,100221.9976837616,-0.002533740168630949,101600.28604250513,97234.01048624232,98840.6955946693,99596.33708787919
2025-05-05,100219.45831874848,100219.45831874848,100221.9976837616,-0.002533740168630949,101619.95895735653,96676.43668315947,98512.93707218074,99184.52276525494
2025-05-06,100219.45831874848,100219.45831874848,100221.9976837616,-0.002533740168630949,101639.63568148445,95868.3798019602,97782.65546101097,98784.48862726572
2025-05-07,100219.45831874848,100219.45831874848,100221.9976837616,-0.002533740168630949,101659.31621562639,96271.55483463932,98426.67836425448,99094.22045046101
2025-05-08,100219.45831874848,100219.45831874848,100221.9976837616,-0.002533740168630949,101679.00056052013,96942.35440268488,99254.71282508413,99302.582487063
2025-05-09,100219.45831874848,100219.45831874848,100221.9976837616,-0.002533740168630949,101698.68871690355,96818.83538636193,99231.71576746285,99267.33886154559
2025-05-12,100219.45831874848,100219.45831874848,100221.9976837616,-0.002533740168630949,101718.38068551467,100018.44492744883,101951.5718936473,101101.61855333846
2025-05-13,100148.37859900284,95257.68871863175,100221.9976837616,-0.0734560141088525,101738.07646709163,100678.96171539696,102181.57756647597,101460.7138068563
2025-05-14,100140.53879339981,95257.68871863175,100221.9976837616,-0.08127845407633894,101757.77606237277,100807.63259303148,101566.30756587455,101421.76299396597
2025-05-15,100174.83864386368,95257.68871863175,100221.9976837616,-0.04705457982061567,101777.4794720965,101300.01231374513,102492.09487636408,101948.89891256012
2025-05-16,100222.36870367813,95257.68871863175,100222.36870367813,0.0,101797.18669700147,101941.6494148138,103498.38504975906,102361.41878210811
2025-05-19,100194.43874853897,95338.04871863175,100222.36870367813,-0.027867985461149658,101816.89773782637,102053.15789267267,103486.88213387143,102416.01899211106
2025-05-20,100117.99886816788,95338.04871863175,100222.36870367813,-0.10413826460122788,101836.61259531007,101710.03555231399,103216.62064251302,102138.0808521533
2025-05-21,100034.69864386368,95338.04871863175,100222.36870367813,-0.1872536662641866,101856.33127019163,99996.14113762448,100968.27877787358,100837.12871365462
2025-05-22,100089.5787784462,95338.04871863175,100222.36870367813,-0.1324952971572091,101876.05376321018,100035.60732722445,100646.26732625184,100977.65402778241
2025-05-23,100011.17885321427,95338.04871863175,100222.36870367813,-0.21072127230227222,101895.78007510505,99352.78674945197,100243.75301172465,100622.33964880183
2025-05-27,100117.99886816788,95338.04871863175,100222.36870367813,-0.10413826460122788,101915.51020661568,101418.38994001939,102112.57761945818,102059.6613127214
2025-05-28,100115.60889309311,100115.60889309311,100222.36870367813,-0.10652293691109094,101935.24415848167,100831.64319869682,101244.29611425281,101630.15887920755
2025-05-29,100115.60889309311,100115.60889309311,100222.36870367813,-0.10652293691109094,101954.98193144277,101229.66637006441,101491.55177383593,102020.96420157888
2025-05-30,100115.60889309311,100115.60889309311,100222.36870367813,-0.10652293691109094,101974.72352623884,101116.4406051017,101451.29595530622,102052.57868719944
2025-06-02,100115.60889309311,100115.60889309311,100222.36870367813,-0.10652293691109094,101994.4689436099,101686.02494664864,101531.80759236564,102291.34989456956
2025-06-03,100115.60889309311,100115.60889309311,100222.36870367813,-0.10652293691109094,102014.21818429614,102265.90253955583,102377.08326579574,102611.97779041491
2025-06-04,100115.60889309311,100115.60889309311,100222.36870367813,-0.10652293691109094,102033.97124903786,102238.44688841995,102147.07759296706,102839.73859355778
2025-06-05,100115.60889309311,100115.60889309311,100222.36870367813,-0.10652293691109094,102053.72813857549,101744.34988060243,101871.06903074186,102436.6304428445
2025-06-06,100115.60889309311,100115.60889309311,100222.36870367813,-0.10652293691109094,102073.48885364966,102789.16201435022,102750.85345183486,102858.25842606869
2025-06-09,100115.60889309311,100115.60889309311,100222.36870367813,-0.10652293691109094,102093.2533950011,102881.80127659244,102768.10343858931,102964.63293992466
2025-06-10,100115.60889309311,100115.60889309311,100222.36870367813,-0.10652293691109094,102113.02176337072,103465.1134437073,103279.87351866404,103407.93012932014
2025-06-11,100115.60889309311,100115.60889309311,100222.36870367813,-0.10652293691109094,102132.79395949948,103170.02278594216,102986.61496968438,103370.7974632009
2025-06-12,100115.60889309311,100115.60889309311,100222.36870367813,-0.10652293691109094,102152.56998412861,103580.05649577384,103228.12355840068,103769.26604010243
2025-06-13,100115.60889309311,100115.60889309311,100222.36870367813,-0.10652293691109094,102172.34983799941,102422.01859706332,101980.32479628938,102925.40035060013
2025-06-16,100115.60889309311,100115.60889309311,100222.36870367813,-0.10652293691109094,102192.13352185332,103396.48478713042,102963.60913790908,103428.89987580794
2025-06-17,100115.60889309311,100115.60889309311,100222.36870367813,-0.10652293691109094,102211.92103643197,102512.95104346453,101974.56895126855,103025.5700468152
2025-06-18,100115.60889309311,100115.60889309311,100222.36870367813,-0.10652293691109094,102231.71238247708,102497.50593079276,101986.07186715618,103045.67437766859
2025-06-20,100115.60889309311,100115.60889309311,100222.36870367813,-0.10652293691109094,102251.50756073056,102259.1029236386,102152.82466383389,102939.67260254089
2025-06-23,100115.60889309311,100115.60889309311,100222.36870367813,-0.10652293691109094,102271.30657193444,103269.16620232548,103049.0633283873,103633.58684572257
2025-06-24,100115.60889309311,100115.60889309311,100222.36870367813,-0.10652293691109094,102291.10941683088,104410.00607287927,104024.75715350936,104488.98257483401
2025-06-25,100115.60889309311,100115.60889309311,100222.36870367813,-0.10652293691109094,102310.91609616221,104468.50475716281,103274.22479718145,104519.87796416855
2025-06-26,100115.60889309311,100115.60889309311,100222.36870367813,-0.10652293691109094,102330.72661067088,105285.84795387425,104053.62581555556,105124.76778904891
2025-06-27,100115.60889309311,100115.60889309311,100222.36870367813,-0.10652293691109094,102350.54096109953,105808.94381888515,104434.67101181603,105319.31264417298
2025-06-30,100115.60889309311,100115.60889309311,100222.36870367813,-0.10652293691109094,102370.35914819087,106314.83665968482,104925.41183816471,105791.99871991259
2025-07-01,100115.60889309311,100115.60889309311,100222.36870367813,-0.10652293691109094,102390.18117268781,106280.4306112624,106155.13579412707,105733.2042185247
2025-07-02,100115.60889309311,100115.60889309311,100222.36870367813,-0.10652293691109094,102410.0070353334,106762.23081620096,106397.61669825316,105969.42116588645
2025-07-03,100115.60889309311,100115.60889309311,100222.36870367813,-0.10652293691109094,102429.83673687083,107603.66664877352,106911.44716855152,106384.61665526377
2025-07-07,100115.60889309311,100115.60889309311,100222.36870367813,-0.10652293691109094,102449.67027804341,106801.80407336079,106056.9893907531,105757.69775944772
2025-07-08,100115.60889309311,100115.60889309311,100222.36870367813,-0.10652293691109094,102469.50765959462,106743.30538907724,106322.56874830763,105705.69584240246
2025-07-09,100115.60889309311,100115.60889309311,100222.36870367813,-0.10652293691109094,102489.34888226807,107383.40912511201,106640.10641185804,106262.77401254827
2025-07-10,100115.60889309311,100115.60889309311,100222.36870367813,-0.10652293691109094,102509.19394680749,107686.25796891817,107257.85349414809,106429.64052467012
2025-07-11,100115.60889309311,100115.60889309311,100222.36870367813,-0.10652293691109094,102529.04285395682,107307.69691416046,106472.67345767748,106027.88147887927
2025-07-14,100115.60889309311,100115.60889309311,100222.36870367813,-0.10652293691109094,102548.8956044601,107512.46331406645,106582.3690877657,106144.94963362996
2025-07-15,100115.60889309311,100115.60889309311,100222.36870367813,-0.10652293691109094,102568.75219906152,107053.03334207654,105104.38520958072,105747.20780997939
2025-07-16,100115.60889309311,100115.60889309311,100222.36870367813,-0.10652293691109094,102588.61263850541,107410.93606434131,105514.29025840857,106019.91129614782
2025-07-17,100115.60889309311,100115.60889309311,100222.36870367813,-0.10652293691109094,102608.47692353625,108068.25332704406,106374.5270543035,106426.52332422376
2025-07-18,100115.60889309311,100115.60889309311,100222.36870367813,-0.10652293691109094,102628.34505489866,107989.10681272433,106334.1091655431,106458.0037711754
2025-07-21,100115.60889309311,100115.60889309311,100222.36870367813,-0.10652293691109094,102648.2170333374,108193.87321263032,105970.39221409337,106696.30973457183
2025-07-22,100115.60889309311,100115.60889309311,100222.36870367813,-0.10652293691109094,102668.09285959741,108209.35383392904,107321.36102685818,106787.89507576956
2025-07-23,100115.60889309311,100115.60889309311,100222.36870367813,-0.10652293691109094,102687.97253442372,109129.94668327812,108210.45767532052,107237.65774396739
2025-07-24,100115.60889309311,100115.60889309311,100222.36870367813,-0.10652293691109094,102707.85605856152,109166.07513461303,107864.06015920274,107232.79118015543
2025-07-25,100115.60889309311,100115.60889309311,100222.36870367813,-0.10652293691109094,102727.7434327562,109627.22750951542,108383.66083811878,107574.40374669118
2025-07-28,100115.60889309311,100115.60889309311,100222.36870367813,-0.10652293691109094,102747.63465775318,109599.70057028612,107742.81530240028,107501.37866463292
2025-07-29,100115.60889309311,100115.60889309311,100222.36870367813,-0.10652293691109094,102767.52973429816,109310.62044732299,107690.85699640444,107563.04789175748
2025-07-30,100115.60889309311,100115.60889309311,100222.36870367813,-0.10652293691109094,102787.4286631369,109172.96474626295,106992.28294607237,107359.90329617176
2025-07-31,100115.60889309311,100115.60889309311,100222.36870367813,-0.10652293691109094,102807.33144501528,108763.43194645098,106016.58031147152,107140.04915569612
2025-08-01,100115.60889309311,100115.60889309311,100222.36870367813,-0.10652293691109094,102827.23808067942,106980.75543449314,104821.48641669424,106455.02787662264
2025-08-04,100115.60889309311,100115.60889309311,100222.36870367813,-0.10652293691109094,102847.1485708755,108606.84031581045,106103.17748813127,107460.24613790623
2025-08-05,100115.60889309311,100115.60889309311,100222.36870367813,-0.10652293691109094,102867.06291634988,108056.2070091135,105808.73827800935,107146.35014605419
2025-08-06,100115.60889309311,100115.60889309311,100222.36870367813,-0.10652293691109094,102886.98111784906,108883.8846232998,105572.02758250097,107621.50182020314
2025-08-07,100115.60889309311,100115.60889309311,100222.36870367813,-0.10652293691109094,102906.9031761197,108792.68128859276,105508.52004979088,107532.70034871023
2025-08-08,100115.60889309311,100115.60889309311,100222.36870367813,-0.10652293691109094,102926.82909190856,109640.99623035848,105699.04264792112,107953.3546153732
2025-08-11,100115.60889309311,100115.60889309311,100222.36870367813,-0.10652293691109094,102946.75886596259,109424.18351252195,105410.3736464169,107855.81999331324
2025-08-12,100176.98921471788,95193.47919732286,100222.36870367813,-0.045278803072823504,102966.69249902888,110589.11601893684,106749.79323246748,108544.7613955684
2025-08-13,100219.73921471788,95193.47919732286,100222.36870367813,-0.0026236547731484094,102986.62999185461,110967.67707369455,108273.96520803057,108925.56677930303
2025-08-14,100240.82937127305,95193.47919732286,100240.82937127305,0.0,103006.5713451872,110978.00098871262,107569.62094908078,108808.87424233701
2025-08-15,100236.83938866807,95193.47919732286,100240.82937127305,-0.003980396640779205,103026.51655977413,110718.17020789125,107304.04159152623,108590.14069761132
2025-08-18,100218.02931908799,95286.95919732285,100240.82937127305,-0.02274527488257405,103046.46563636306,110694.07757203012,107280.95194757657,108527.67113667911
2025-08-19,100291.55937127305,95286.95919732285,100291.55937127305,0.0,103066.41857570178,110093.54709315523,107783.23319116067,108257.85988195086
2025-08-20,100242.53933648301,95286.95919732285,100291.55937127305,-0.048877527777357876,103086.37537853826,109801.02216436714,107685.0867877867,108111.51273953966
2025-08-21,100197.50928429795,95286.95919732285,100291.55937127305,-0.09377667229893971,103106.3360456206,109360.51761950091,107309.81180014394,107750.8892337546
2025-08-22,100349.69917992783,95286.95919732285,100349.69917992783,0.0,103126.30057769701,111039.94447882113,109399.78136148005,108983.52521412073
2025-08-25,100288.13907555772,95286.95919732285,100349.69917992783,-0.06134557938209939,103146.26897551586,110551.25466223266,108562.63420953478,108629.95604618512
2025-08-26,100285.6384856186,100285.6384856186,100349.69917992783,-0.06383745525172513,103166.24123982571,111014.12944004752,108637.6909689591,108955.39186554652
2025-08-27,100285.6384856186,100285.6384856186,100349.69917992783,-0.06383745525172513,103186.21737137523,111267.08111167574,109030.28539193382,109148.20609650903
2025-08-28,100285.6384856186,100285.6384856186,100349.69917992783,-0.06383745525172513,103206.19737091321,111661.1227877322,108978.31827645916,109432.79697445045
2025-08-29,100285.6384856186,100285.6384856186,100349.69917992783,-0.06383745525172513,103226.1812391886,110995.20401292382,108897.49130841713,108984.08109290987
2025-09-02,100285.6384856186,100285.6384856186,100349.69917992783,-0.06383745525172513,103246.16897695056,110172.70410993171,108037.26332200099,108385.10603045512
2025-09-03,100285.6384856186,100285.6384856186,100349.69917992783,-0.06383745525172513,103266.16058494829,110769.78978298166,107869.83036782041,108895.4032711372
2025-09-04,100285.6384856186,100285.6384856186,100349.69917992783,-0.06383745525172513,103286.15606393121,111695.5393386114,108666.55963100526,109617.03594621319
2025-09-05,100285.6384856186,100285.6384856186,100349.69917992783,-0.06383745525172513,103306.15541464885,111372.04266476908,108793.5746964254,109633.39574239655
2025-09-08,100285.6384856186,100285.6384856186,100349.69917992783,-0.06383745525172513,103326.15863785088,111645.64216643346,108706.96871028686,109943.94692588814
2025-09-09,100285.6384856186,100285.6384856186,100349.69917992783,-0.06383745525172513,103346.16573428719,111903.75054434234,108372.12042088334,110008.87965810366
2025-09-10,100285.6384856186,100285.6384856186,100349.69917992783,-0.06383745525172513,103366.17670470769,112227.24721818467,108262.4247907951,110287.48939654345
2025-09-11,100285.6384856186,100285.6384856186,100349.69917992783,-0.06383745525172513,103386.19154986253,113159.87588300754,109884.74316973217,110920.84377854559
2025-09-12,100285.6384856186,100285.6384856186,100349.69917992783,-0.06383745525172513,103406.21027050198,113122.01452630338,109093.79292464386,110858.89655291951
2025-09-15,100285.6384856186,100285.6384856186,100349.69917992783,-0.06383745525172513,103426.23286737647,113724.26740809076,108903.27032651361,111287.99743655538
2025-09-16,100285.6384856186,100285.6384856186,100349.69917992783,-0.06383745525172513,103446.2593412365,113567.68627990704,108614.6013250094,111213.74233750562
2025-09-17,100285.6384856186,100285.6384856186,100349.69917992783,-0.06383745525172513,103466.28969283283,113426.58577302203,108718.51793700109,111051.35886161009
2025-09-18,100285.6384856186,100285.6384856186,100349.69917992783,-0.06383745525172513,103486.32392291627,113956.57124968282,109428.64121404741,111239.01915266525
2025-09-19,100285.6384856186,100285.6384856186,100349.69917992783,-0.06383745525172513,103506.36203223784,114518.73642391985,109238.12742539596,111568.27459742711
2025-09-22,100285.6384856186,100285.6384856186,100349.69917992783,-0.06383745525172513,103526.40402154867,115060.53317437628,109291.91511774834,111831.57819414871
2025-09-23,100285.6384856186,100285.6384856186,100349.69917992783,-0.06383745525172513,103546.44989160004,114434.19060281297,109425.28917209763,111537.77129933014
2025-09-24,100285.6384856186,100285.6384856186,100349.69917992783,-0.06383745525172513,103566.49964314337,114070.11068484014,109170.14957867739,111240.36146420613
2025-09-25,100285.6384856186,100285.6384856186,100349.69917992783,-0.06383745525172513,103586.55327693027,113543.84770196378,108271.36559202106,110870.22947006619
2025-09-26,100285.6384856186,100285.6384856186,100349.69917992783,-0.06383745525172513,103606.61079371243,114194.34923137701,109344.10919673245,111282.38349662125
2025-09-29,100285.6384856186,100285.6384856186,100349.69917992783,-0.06383745525172513,103626.6721942417,114515.28213526476,109709.41466189899,111554.54948583126
2025-09-30,100285.6384856186,100285.6384856186,100349.69917992783,-0.06383745525172513,103646.73747927016,114946.64696243683,109999.3444093395,111802.22519406019
2025-10-01,100285.6384856186,100285.6384856186,100349.69917992783,-0.06383745525172513,103666.80664954988,115338.32959554679,110248.68859307426,112144.66129652674
2025-10-02,100285.6384856186,100285.6384856186,100349.69917992783,-0.06383745525172513,103686.87970583324,115471.18280098565,110509.62359618,112271.42129635699
2025-10-03,100285.6384856186,100285.6384856186,100349.69917992783,-0.06383745525172513,103706.95664887264,115469.46618802597,110898.12839599582,112221.16301533651
2025-10-06,100285.6384856186,100285.6384856186,100349.69917992783,-0.06383745525172513,103727.03747942069,115883.57010329045,110863.33824197557,112364.05807092243
2025-10-07,100285.6384856186,100285.6384856186,100349.69917992783,-0.06383745525172513,103747.12219823015,115453.9324204459,110376.2583897844,112190.54191596052
2025-10-08,100285.6384856186,100285.6384856186,100349.69917992783,-0.06383745525172513,103767.21080605387,116142.3889995937,110735.76844526545,112596.42277671445
2025-10-09,100285.6384856186,100285.6384856186,100349.69917992783,-0.06383745525172513,103787.30330364489,115805.9223281259,109819.58938159897,112346.73445254368
2025-10-10,100285.6384856186,100285.6384856186,100349.69917992783,-0.06383745525172513,103807.3996917564,112675.9471460048,107343.58686102997,110709.05926587225
2025-10-13,100285.6384856186,100285.6384856186,100349.69917992783,-0.06383745525172513,103827.49997114173,114404.85021198039,108387.33572140655,111812.07282713243
2025-10-14,100285.6384856186,100285.6384856186,100349.69917992783,-0.06383745525172513,103847.60414255434,114265.08842923136,109286.11970806288,111801.23324984724
2025-10-15,100285.6384856186,100285.6384856186,100349.69917992783,-0.06383745525172513,103867.71220674785,114772.37388724044,109506.46914746285,112081.29132543763
2025-10-16,100285.6384856186,100285.6384856186,100349.69917992783,-0.06383745525172513,103887.82416447601,113990.74629671591,108468.51569677173,111783.52269397728
2025-10-17,100285.6384856186,100285.6384856186,100349.69917992783,-0.06383745525172513,103907.94001649272,114637.79353747405,109019.38044731796,112102.316292976
2025-10-20,100285.6384856186,100285.6384856186,100349.69917992783,-0.06383745525172513,103928.05976355207,115830.08128597584,110109.51912903946,112877.37075534328
2025-10-21,100285.6384856186,100285.6384856186,100349.69917992783,-0.06383745525172513,103948.1834064082,115828.35414164832,110613.99405824074,112921.01005520314
2025-10-22,100285.6384856186,100285.6384856186,100349.69917992783,-0.06383745525172513,103968.31094581551,115226.17052793494,110080.52438470467,112564.30602430012
2025-10-23,100285.6384856186,100285.6384856186,100349.69917992783,-0.06383745525172513,103988.44238252846,115909.45620546793,110602.40323886981,112884.73700554328
2025-10-24,100285.6384856186,100285.6384856186,100349.69917992783,-0.06383745525172513,104008.57771730173,116856.73168091897,110903.92380568126,113482.95894053449
2025-10-27,100285.6384856186,100285.6384856186,100349.69917992783,-0.06383745525172513,104028.71695089004,118235.3719835421,111396.80791551161,114317.67841024496
2025-10-28,100285.6384856186,100285.6384856186,100349.69917992783,-0.06383745525172513,104048.86008404837,118549.40684148752,110440.04328813941,114526.9631849436
2025-10-29,100285.6384856186,100285.6384856186,100349.69917992783,-0.06383745525172513,104069.00711753176,118606.34994745722,109204.93973269765,114342.837542915
2025-10-30,100285.6384856186,100285.6384856186,100349.69917992783,-0.06383745525172513,104089.15805209546,117301.90313134354,108735.25495751662,113502.08329453964
2025-10-31,100285.6384856186,100285.6384856186,100349.69917992783,-0.06383745525172513,104109.31288849484,117686.67718714334,108972.990625973,113698.39228933582
2025-11-03,100285.6384856186,100285.6384856186,100349.69917992783,-0.06383745525172513,104129.47162748536,117907.54103371201,108706.26021318181,113771.4434979227
2025-11-04,100285.6384856186,100285.6384856186,100349.69917992783,-0.06383745525172513,104149.63426982275,116509.91267485374,107987.23125426601,112985.018276824
2025-11-05,100285.6384856186,100285.6384856186,100349.69917992783,-0.06383745525172513,104169.8008162628,116913.67478688866,108619.28482813115,113098.0945744505
2025-11-06,100285.6384856186,100285.6384856186,100349.69917992783,-0.06383745525172513,104189.97126756141,115659.2624994345,107853.86604787041,112537.61135594407
2025-11-07,100285.6384856186,100285.6384856186,100349.69917992783,-0.06383745525172513,104210.14562447477,115773.13818000609,108758.44544421222,112586.12933863579
2025-11-10,100285.6384856186,100285.6384856186,100349.69917992783,-0.06383745525172513,104230.32388775906,117579.69955251408,109384.6947604382,113622.25268601092
2025-11-11,100387.58246038057,95350.99252507783,100387.58246038057,0.0,104250.50605817068,117848.87078341478,110016.73948634963,113914.44644981228
2025-11-12,100448.53254125215,95350.99252507783,100448.53254125215,0.0,104270.6921364662,117914.43907965436,110277.67448945534,113934.33074600912
2025-11-13,100437.4025897751,95350.99252507783,100448.53254125215,-0.011080252936979118,104290.88212340228,115957.7635897999,109030.98011464263,112663.805774744
2025-11-14,100437.93270299531,95350.99252507783,100448.53254125215,-0.010552506829786257,104311.07601973574,115938.78606493262,108630.87564750214,112598.72766621772
2025-11-17,100429.98265447236,95437.91252507783,100448.53254125215,-0.018467056024107364,104331.27382622358,114858.64685267486,107204.4262449489,111978.32103999516
2025-11-18,100357.90262212373,95437.91252507783,100448.53254125215,-0.09022522961318336,104351.47554362295,113894.12099668408,107268.21114330395,111440.98980093171
2025-11-19,100335.64271916963,95437.91252507783,100448.53254125215,-0.11238573548713049,104371.68117269107,114334.11101412604,106943.48239388947,111699.29772385438
2025-11-20,100254.02267064668,95437.91252507783,100448.53254125215,-0.19364132624395403,104391.89071418537,112591.40132489796,105638.79853040716,110731.33883193969
2025-11-21,100454.89271916963,95437.91252507783,100454.89271916963,0.0,104412.10416886344,113712.94987554538,107714.69658383568,111499.2431959622
2025-11-24,100396.5923956833,95437.91252507783,100454.89271916963,-0.05803632048994034,104432.32153748299,115386.63697987881,108161.1908723211,112572.7132371451
2025-11-25,100394.11305574799,100394.11305574799,100454.89271916963,-0.06050443316041321,104452.54282080186,116471.95762511919,109697.81499457432,113279.61506281771
2025-11-26,100394.11305574799,100394.11305574799,100454.89271916963,-0.06050443316041321,104472.76801957806,117276.0170291661,110463.23377483507,113820.7495608811
2025-11-28,100394.11305574799,100394.11305574799,100454.89271916963,-0.06050443316041321,104492.99713456973,117916.16622398191,111060.48834672621,114130.38950252954
2025-12-01,100394.11305574799,100394.11305574799,100454.89271916963,-0.06050443316041321,104513.2301665352,117377.82376218057,110300.87382410467,113622.35567029855
2025-12-02,100394.11305574799,100394.11305574799,100454.89271916963,-0.06050443316041321,104533.46711623287,117595.23332009416,110196.49451409015,113807.67824840934
2025-12-03,100394.11305574799,100394.11305574799,100454.89271916963,-0.06050443316041321,104553.7079844214,118002.43918941633,111037.29786003061,114130.45994818879
2025-12-04,100394.11305574799,100394.11305574799,100454.89271916963,-0.06050443316041321,104573.95277185948,118088.71215485073,111072.08801405087,114071.37571661668
2025-12-05,100394.11305574799,100394.11305574799,100454.89271916963,-0.06050443316041321,104594.20147930601,118313.01975870665,111333.02301715658,114151.26024547743
2025-12-08,100394.11305574799,100394.11305574799,100454.89271916963,-0.06050443316041321,104614.45410752,117957.57556237157,110666.18813722489,113872.46246993114
2025-12-09,100394.11305574799,100394.11305574799,100454.89271916963,-0.06050443316041321,104634.71065726067,117855.76882935711,110457.43836514956,113772.44463941676
2025-12-10,100394.11305574799,100394.11305574799,100454.89271916963,-0.06050443316041321,104654.9711292873,118637.40695124949,112011.4575644129,114371.12844230402
2025-12-11,100394.11305574799,100394.11305574799,100454.89271916963,-0.06050443316041321,104675.23552435942,118913.47622809248,112916.03696075469,114539.95593218671
2025-12-12,100394.11305574799,100394.11305574799,100454.89271916963,-0.06050443316041321,104695.5038432366,117634.91551415625,112150.62702844769,113659.1723401809
2025-12-15,100394.11305574799,100394.11305574799,100454.89271916963,-0.06050443316041321,104715.77608667866,117457.18815030479,112289.78764452877,113601.6929410963
2025-12-16,100394.11305574799,100394.11305574799,100454.89271916963,-0.06050443316041321,104736.05225544547,117136.25524641704,111501.17837757243,113501.86660910258
2025-12-17,100394.11305574799,100394.11305574799,100454.89271916963,-0.06050443316041321,104756.33235029709,115847.34219788342,111199.65781076098,112738.9073926546
2025-12-18,100394.11305574799,100394.11305574799,100454.89271916963,-0.06050443316041321,104776.61637199378,116722.14079978471,111437.39347921737,113362.36295612852
2025-12-19,100394.11305574799,100394.11305574799,100454.89271916963,-0.06050443316041321,104796.90432129585,117774.84200924377,111843.30220399705,113910.5347084762
2025-12-22,100394.11305574799,100394.11305574799,100454.89271916963,-0.06050443316041321,104817.19619896381,118508.56445634084,112667.50468813938,114318.07185774321
2025-12-23,100394.11305574799,100394.11305574799,100454.89271916963,-0.06050443316041321,104837.49200575834,119050.20599679157,112405.54315546136,114631.56523348246
2025-12-24,100394.11305574799,100394.11305574799,100454.89271916963,-0.06050443316041321,104857.79174244021,119468.97955159307,112813.03985993403,114974.57848886175
2025-12-26,100394.11305574799,100394.11305574799,100454.89271916963,-0.06050443316041321,104878.09540977038,119456.86491396395,112842.14867084534,114976.78124841658
2025-12-29,100394.11305574799,100394.11305574799,100454.89271916963,-0.06050443316041321,104898.40300850995,119031.1626736483,112655.86826998439,114786.10721989861
2025-12-30,100394.11305574799,100394.11305574799,100454.89271916963,-0.06050443316041321,104918.71453942015,118885.80814613996,112475.40607820092,114683.66794714109
2025-12-31,100394.11305574799,100394.11305574799,100454.89271916963,-0.06050443316041321,104939.03000326235,118004.9884381354,111514.868614699,114063.8893272943
